Anio,Cveestado,Nomestado,Cveespecie,Nomespecie,Cveproducto,Nomproducto,Volumen,Peso,Precio,Valor,Asacrificado
2005,1,Aguascalientes,1,Abeja,2,Cera,3.339,0.000,65.45,218.538,0
2005,1,Aguascalientes,1,Abeja,7,Miel,272.500,0.000,26.49,7217.400,0
2005,1,Aguascalientes,3,Ave     ,1,Carne,181430.850,1.700,17.87,3241719.110,106711617
2005,1,Aguascalientes,3,Ave     ,4,Huevo-plato,8691.180,0.000,8.25,71673.309,0
2005,1,Aguascalientes,3,Ave     ,8,Ganado en pie,216511.251,2.029,12.33,2670453.636,0
2005,1,Aguascalientes,4,Bovino,1,Carne,10024.916,220.212,29.07,291414.594,45524
2005,1,Aguascalientes,4,Bovino,3,Ganado en pie,17225.328,378.379,16.24,279713.680,0
2005,1,Aguascalientes,4,Bovino,6,Leche,391470.000,0.000,3.67,1435672.170,0
2005,1,Aguascalientes,6,Caprino,1,Carne,90.949,18.267,34.92,3175.620,4979
2005,1,Aguascalientes,6,Caprino,3,Ganado en pie,182.566,36.667,14.67,2678.359,0
2005,1,Aguascalientes,6,Caprino,6,Leche,19.695,0.000,3.08,60.598,0
2005,1,Aguascalientes,12,Ovino,1,Carne,480.359,22.907,39.64,19041.009,20970
2005,1,Aguascalientes,12,Ovino,3,Ganado en pie,877.572,41.849,19.04,16705.190,0
2005,1,Aguascalientes,14,Porcino,1,Carne,10525.496,77.717,28.02,294926.663,135434
2005,1,Aguascalientes,14,Porcino,3,Ganado en pie,13872.704,102.431,14.38,199459.915,0
2005,2,Baja California,1,Abeja,2,Cera,16.167,0.000,62.75,1014.515,0
2005,2,Baja California,1,Abeja,7,Miel,153.109,0.000,27.72,4243.456,0
2005,2,Baja California,3,Ave     ,1,Carne,1357.160,1.821,16.09,21842.101,745474
2005,2,Baja California,3,Ave     ,4,Huevo-plato,12337.136,0.000,8.10,99908.721,0
2005,2,Baja California,3,Ave     ,8,Ganado en pie,1694.427,2.273,13.11,22214.950,0
2005,2,Baja California,4,Bovino,1,Carne,70238.697,286.327,34.48,2421496.181,245309
2005,2,Baja California,4,Bovino,3,Ganado en pie,120290.469,490.363,24.36,2930653.942,0
2005,2,Baja California,4,Bovino,6,Leche,188547.757,0.000,4.73,890801.877,0
2005,2,Baja California,6,Caprino,1,Carne,258.639,18.595,34.77,8991.995,13909
2005,2,Baja California,6,Caprino,3,Ganado en pie,511.564,36.779,17.48,8944.295,0
2005,2,Baja California,6,Caprino,6,Leche,498.207,0.000,3.42,1704.266,0
2005,2,Baja California,12,Ovino,1,Carne,344.352,21.023,35.16,12105.711,16380
2005,2,Baja California,12,Ovino,3,Ganado en pie,580.032,35.411,17.83,10339.652,0
2005,2,Baja California,14,Porcino,1,Carne,1627.773,81.368,18.63,30325.608,20005
2005,2,Baja California,14,Porcino,3,Ganado en pie,2081.945,104.071,14.31,29798.514,0
2005,3,Baja California Sur,1,Abeja,2,Cera,9.211,0.000,62.88,579.209,0
2005,3,Baja California Sur,1,Abeja,7,Miel,196.214,0.000,24.59,4824.310,0
2005,3,Baja California Sur,3,Ave     ,1,Carne,478.855,1.649,17.20,8234.127,290454
2005,3,Baja California Sur,3,Ave     ,4,Huevo-plato,207.500,0.000,9.18,1904.850,0
2005,3,Baja California Sur,3,Ave     ,8,Ganado en pie,577.183,1.987,11.90,6870.751,0
2005,3,Baja California Sur,4,Bovino,1,Carne,5197.857,174.483,29.01,150798.240,29790
2005,3,Baja California Sur,4,Bovino,3,Ganado en pie,10405.076,349.281,15.15,157623.330,0
2005,3,Baja California Sur,4,Bovino,6,Leche,42550.841,0.000,6.15,261543.339,0
2005,3,Baja California Sur,6,Caprino,1,Carne,394.617,16.080,29.08,11474.686,24541
2005,3,Baja California Sur,6,Caprino,3,Ganado en pie,722.820,29.454,12.69,9174.504,0
2005,3,Baja California Sur,6,Caprino,6,Leche,2216.726,0.000,3.59,7966.344,0
2005,3,Baja California Sur,12,Ovino,1,Carne,147.800,15.680,31.07,4592.643,9426
2005,3,Baja California Sur,12,Ovino,3,Ganado en pie,292.087,30.987,14.01,4091.851,0
2005,3,Baja California Sur,14,Porcino,1,Carne,857.849,77.584,19.39,16631.995,11057
2005,3,Baja California Sur,14,Porcino,3,Ganado en pie,1141.473,103.235,12.00,13701.053,0
2005,4,Campeche,1,Abeja,2,Cera,5.942,0.000,45.90,272.745,0
2005,4,Campeche,1,Abeja,7,Miel,5852.738,0.000,24.42,142940.878,0
2005,4,Campeche,3,Ave     ,1,Carne,9604.214,1.715,17.59,168942.166,5599103
2005,4,Campeche,3,Ave     ,4,Huevo-plato,3000.370,0.000,9.81,29420.407,0
2005,4,Campeche,3,Ave     ,8,Ganado en pie,11931.377,2.131,13.42,160152.048,0
2005,4,Campeche,4,Bovino,1,Carne,21218.045,208.946,28.29,600302.563,101548
2005,4,Campeche,4,Bovino,3,Ganado en pie,39508.607,389.063,14.71,581108.365,0
2005,4,Campeche,4,Bovino,6,Leche,33711.178,0.000,4.50,151719.308,0
2005,4,Campeche,6,Caprino,1,Carne,25.863,19.818,23.84,616.503,1305
2005,4,Campeche,6,Caprino,3,Ganado en pie,46.052,35.289,13.23,609.289,0
2005,4,Campeche,10,Guajolote,1,Carne,390.237,5.691,35.13,13707.158,68571
2005,4,Campeche,10,Guajolote,8,Ganado en pie,515.170,7.513,22.71,11697.137,0
2005,4,Campeche,12,Ovino,1,Carne,644.876,18.084,32.94,21244.059,35661
2005,4,Campeche,12,Ovino,3,Ganado en pie,1251.144,35.084,17.07,21352.289,0
2005,4,Campeche,14,Porcino,1,Carne,4833.868,69.654,26.08,126044.220,69398
2005,4,Campeche,14,Porcino,3,Ganado en pie,6335.721,91.295,15.63,98997.052,0
2005,5,Coahuila,1,Abeja,2,Cera,16.859,0.000,52.58,886.479,0
2005,5,Coahuila,1,Abeja,7,Miel,236.636,0.000,25.83,6111.363,0
2005,5,Coahuila,3,Ave     ,1,Carne,84929.233,1.684,16.34,1387763.143,50419667
2005,5,Coahuila,3,Ave     ,4,Huevo-plato,52717.741,0.000,8.76,461769.136,0
2005,5,Coahuila,3,Ave     ,8,Ganado en pie,106215.196,2.107,10.92,1159646.997,0
2005,5,Coahuila,4,Bovino,1,Carne,47558.845,181.160,29.52,1404054.694,262524
2005,5,Coahuila,4,Bovino,3,Ganado en pie,85737.034,326.587,14.10,1208964.859,0
2005,5,Coahuila,4,Bovino,6,Leche,1178804.619,0.000,3.67,4322765.287,0
2005,5,Coahuila,6,Caprino,1,Carne,4330.462,19.198,28.74,124476.303,225568
2005,5,Coahuila,6,Caprino,3,Ganado en pie,7938.959,35.195,14.41,114400.758,0
2005,5,Coahuila,6,Caprino,6,Leche,53110.081,0.000,4.82,255888.302,0
2005,5,Coahuila,12,Ovino,1,Carne,563.232,24.423,29.86,16818.272,23062
2005,5,Coahuila,12,Ovino,3,Ganado en pie,1073.732,46.558,16.69,17920.119,0
2005,5,Coahuila,12,Ovino,5,Lana,37.254,0.000,11.03,411.022,0
2005,5,Coahuila,14,Porcino,1,Carne,7792.667,74.992,30.26,235777.945,103914
2005,5,Coahuila,14,Porcino,3,Ganado en pie,10321.333,99.326,14.71,151792.409,0
2005,6,Colima,1,Abeja,2,Cera,27.293,0.000,64.70,1765.771,0
2005,6,Colima,1,Abeja,7,Miel,390.313,0.000,25.77,10058.067,0
2005,6,Colima,3,Ave     ,1,Carne,13426.112,1.824,17.93,240759.407,7359004
2005,6,Colima,3,Ave     ,4,Huevo-plato,1587.245,0.000,8.82,14004.149,0
2005,6,Colima,3,Ave     ,8,Ganado en pie,16484.553,2.240,14.84,244648.635,0
2005,6,Colima,4,Bovino,1,Carne,11539.099,222.183,34.50,398119.553,51935
2005,6,Colima,4,Bovino,3,Ganado en pie,22119.736,425.912,19.16,423700.490,0
2005,6,Colima,4,Bovino,6,Leche,34064.312,0.000,5.35,182219.891,0
2005,6,Colima,6,Caprino,1,Carne,53.525,15.470,46.82,2505.925,3460
2005,6,Colima,6,Caprino,3,Ganado en pie,115.680,33.434,22.86,2643.828,0
2005,6,Colima,6,Caprino,6,Leche,1.112,0.000,5.92,6.582,0
2005,6,Colima,10,Guajolote,1,Carne,6.407,4.994,31.09,199.180,1283
2005,6,Colima,10,Guajolote,8,Ganado en pie,11.424,8.904,18.74,214.043,0
2005,6,Colima,12,Ovino,1,Carne,111.777,15.875,41.21,4606.340,7041
2005,6,Colima,12,Ovino,3,Ganado en pie,239.601,34.029,19.90,4766.817,0
2005,6,Colima,14,Porcino,1,Carne,3366.868,75.335,27.75,93430.694,44692
2005,6,Colima,14,Porcino,3,Ganado en pie,4416.192,98.814,17.27,76266.107,0
2005,7,Chiapas,1,Abeja,2,Cera,80.254,0.000,50.09,4019.576,0
2005,7,Chiapas,1,Abeja,7,Miel,3380.825,0.000,25.75,87037.788,0
2005,7,Chiapas,3,Ave     ,1,Carne,96831.270,1.737,18.30,1772352.436,55754302
2005,7,Chiapas,3,Ave     ,4,Huevo-plato,3970.741,0.000,8.93,35443.307,0
2005,7,Chiapas,3,Ave     ,8,Ganado en pie,122323.861,2.194,14.49,1772238.962,0
2005,7,Chiapas,4,Bovino,1,Carne,99377.881,201.583,28.90,2871670.303,492987
2005,7,Chiapas,4,Bovino,3,Ganado en pie,186389.854,378.083,15.29,2849112.408,0
2005,7,Chiapas,4,Bovino,6,Leche,299830.210,0.000,3.15,945201.688,0
2005,7,Chiapas,10,Guajolote,1,Carne,604.034,4.593,37.74,22794.916,131521
2005,7,Chiapas,10,Guajolote,8,Ganado en pie,792.062,6.022,25.55,20234.554,0
2005,7,Chiapas,12,Ovino,1,Carne,1110.195,16.964,33.45,37138.454,65444
2005,7,Chiapas,12,Ovino,3,Ganado en pie,2180.254,33.315,16.48,35933.151,0
2005,7,Chiapas,12,Ovino,5,Lana,53.855,0.000,33.49,1803.367,0
2005,7,Chiapas,14,Porcino,1,Carne,21955.301,68.656,25.60,562116.384,319786
2005,7,Chiapas,14,Porcino,3,Ganado en pie,28838.648,90.181,14.60,421091.279,0
2005,8,Chihuahua,1,Abeja,2,Cera,15.521,0.000,58.76,912.025,0
2005,8,Chihuahua,1,Abeja,7,Miel,598.010,0.000,25.01,14957.653,0
2005,8,Chihuahua,3,Ave     ,1,Carne,6743.709,1.683,17.07,115138.287,4006560
2005,8,Chihuahua,3,Ave     ,4,Huevo-plato,5802.458,0.000,9.18,53252.017,0
2005,8,Chihuahua,3,Ave     ,8,Ganado en pie,8634.400,2.155,13.19,113854.932,0
2005,8,Chihuahua,4,Bovino,1,Carne,71240.503,156.562,30.39,2164989.078,455031
2005,8,Chihuahua,4,Bovino,3,Ganado en pie,134842.069,296.336,17.11,2307467.509,0
2005,8,Chihuahua,4,Bovino,6,Leche,802115.980,0.000,4.11,3293697.325,0
2005,8,Chihuahua,6,Caprino,1,Carne,1535.762,18.767,34.39,52811.109,81831
2005,8,Chihuahua,6,Caprino,3,Ganado en pie,2965.881,36.244,17.32,51359.445,0
2005,8,Chihuahua,6,Caprino,6,Leche,11547.666,0.000,5.56,64218.861,0
2005,8,Chihuahua,10,Guajolote,1,Carne,3987.582,7.438,30.24,120578.643,536112
2005,8,Chihuahua,10,Guajolote,8,Ganado en pie,4811.509,8.975,17.59,84616.633,0
2005,8,Chihuahua,12,Ovino,1,Carne,1253.568,19.303,39.00,48884.098,64942
2005,8,Chihuahua,12,Ovino,3,Ganado en pie,2430.626,37.428,19.61,47666.126,0
2005,8,Chihuahua,12,Ovino,5,Lana,6.648,0.000,8.15,54.206,0
2005,8,Chihuahua,14,Porcino,1,Carne,6089.128,75.899,23.04,140278.362,80227
2005,8,Chihuahua,14,Porcino,3,Ganado en pie,7995.789,99.665,14.19,113445.057,0
2005,9,Distrito Federal,1,Abeja,7,Miel,77.200,0.000,30.48,2353.293,0
2005,9,Distrito Federal,3,Ave     ,1,Carne,491.560,1.814,18.42,9055.359,270981
2005,9,Distrito Federal,3,Ave     ,4,Huevo-plato,700.500,0.000,9.53,6675.363,0
2005,9,Distrito Federal,3,Ave     ,8,Ganado en pie,627.050,2.314,15.99,10024.963,0
2005,9,Distrito Federal,4,Bovino,1,Carne,682.800,248.472,28.15,19222.595,2748
2005,9,Distrito Federal,4,Bovino,3,Ganado en pie,1168.705,425.293,18.39,21489.172,0
2005,9,Distrito Federal,4,Bovino,6,Leche,12959.992,0.000,6.05,78454.809,0
2005,9,Distrito Federal,12,Ovino,1,Carne,91.700,25.751,39.18,3593.112,3561
2005,9,Distrito Federal,12,Ovino,3,Ganado en pie,154.205,43.304,25.37,3912.775,0
2005,9,Distrito Federal,14,Porcino,1,Carne,1707.500,75.758,23.18,39586.516,22539
2005,9,Distrito Federal,14,Porcino,3,Ganado en pie,2225.615,98.745,17.24,38366.960,0
2005,10,Durango,1,Abeja,2,Cera,62.756,0.000,50.36,3160.304,0
2005,10,Durango,1,Abeja,7,Miel,648.241,0.000,29.81,19324.353,0
2005,10,Durango,3,Ave     ,1,Carne,200128.914,1.794,17.44,3491046.167,111583662
2005,10,Durango,3,Ave     ,4,Huevo-plato,76568.918,0.000,8.79,673049.311,0
2005,10,Durango,3,Ave     ,8,Ganado en pie,266840.450,2.391,12.64,3371546.366,0
2005,10,Durango,4,Bovino,1,Carne,65712.155,133.306,30.23,1986552.201,492941
2005,10,Durango,4,Bovino,3,Ganado en pie,116190.145,235.708,16.00,1858594.074,0
2005,10,Durango,4,Bovino,6,Leche,950362.997,0.000,3.80,3614822.622,0
2005,10,Durango,6,Caprino,1,Carne,1764.272,12.374,27.30,48155.702,142577
2005,10,Durango,6,Caprino,3,Ganado en pie,3128.911,21.945,13.63,42634.908,0
2005,10,Durango,6,Caprino,6,Leche,40413.623,0.000,5.49,221654.041,0
2005,10,Durango,12,Ovino,1,Carne,347.165,15.910,34.40,11940.838,21821
2005,10,Durango,12,Ovino,3,Ganado en pie,664.880,30.470,18.21,12105.762,0
2005,10,Durango,12,Ovino,5,Lana,78.586,0.000,7.71,605.659,0
2005,10,Durango,14,Porcino,1,Carne,4195.297,73.291,29.69,124540.011,57242
2005,10,Durango,14,Porcino,3,Ganado en pie,5423.628,94.749,15.47,83874.227,0
2005,11,Guanajuato,1,Abeja,7,Miel,520.010,0.000,27.31,14199.264,0
2005,11,Guanajuato,3,Ave     ,1,Carne,156009.000,1.789,17.45,2721529.759,87200450
2005,11,Guanajuato,3,Ave     ,4,Huevo-plato,78550.000,0.000,8.14,639382.158,0
2005,11,Guanajuato,3,Ave     ,8,Ganado en pie,196072.063,2.249,13.72,2689822.411,0
2005,11,Guanajuato,4,Bovino,1,Carne,35422.010,220.470,30.43,1078033.383,160666
2005,11,Guanajuato,4,Bovino,3,Ganado en pie,63372.364,394.435,17.39,1102146.609,0
2005,11,Guanajuato,4,Bovino,6,Leche,647823.020,0.000,4.03,2610688.990,0
2005,11,Guanajuato,6,Caprino,1,Carne,1872.172,15.001,39.14,73266.963,124800
2005,11,Guanajuato,6,Caprino,3,Ganado en pie,4055.955,32.500,21.78,88321.028,0
2005,11,Guanajuato,6,Caprino,6,Leche,24031.002,0.000,3.82,91852.726,0
2005,11,Guanajuato,12,Ovino,1,Carne,1345.002,24.200,42.81,57584.151,55579
2005,11,Guanajuato,12,Ovino,3,Ganado en pie,2502.562,45.027,23.70,59317.007,0
2005,11,Guanajuato,14,Porcino,1,Carne,100565.076,75.000,26.29,2643902.327,1340868
2005,11,Guanajuato,14,Porcino,3,Ganado en pie,134086.767,100.000,17.87,2395687.035,0
2005,12,Guerrero,1,Abeja,2,Cera,256.546,0.000,62.46,16023.424,0
2005,12,Guerrero,1,Abeja,7,Miel,4141.018,0.000,24.95,103318.699,0
2005,12,Guerrero,3,Ave     ,1,Carne,13182.507,1.725,18.28,240971.986,7642916
2005,12,Guerrero,3,Ave     ,4,Huevo-plato,10767.314,0.000,8.95,96384.862,0
2005,12,Guerrero,3,Ave     ,8,Ganado en pie,16911.570,2.213,16.36,276736.928,0
2005,12,Guerrero,4,Bovino,1,Carne,36458.854,189.199,28.19,1027724.160,192701
2005,12,Guerrero,4,Bovino,3,Ganado en pie,68667.082,356.340,14.85,1019505.085,0
2005,12,Guerrero,4,Bovino,6,Leche,80421.544,0.000,5.83,468951.671,0
2005,12,Guerrero,6,Caprino,1,Carne,3372.938,18.774,41.67,140549.375,179659
2005,12,Guerrero,6,Caprino,3,Ganado en pie,6576.682,36.606,19.23,126470.853,0
2005,12,Guerrero,10,Guajolote,1,Carne,1359.490,5.799,38.69,52604.337,234437
2005,12,Guerrero,10,Guajolote,8,Ganado en pie,1708.454,7.287,22.53,38496.322,0
2005,12,Guerrero,12,Ovino,1,Carne,523.345,18.351,37.25,19496.458,28519
2005,12,Guerrero,12,Ovino,3,Ganado en pie,991.422,34.764,18.01,17858.796,0
2005,12,Guerrero,14,Porcino,1,Carne,22490.154,64.204,28.67,644687.484,350294
2005,12,Guerrero,14,Porcino,3,Ganado en pie,29613.669,84.539,14.28,422819.397,0
2005,13,Hidalgo,1,Abeja,2,Cera,39.610,0.000,52.52,2080.234,0
2005,13,Hidalgo,1,Abeja,7,Miel,786.980,0.000,28.13,22135.864,0
2005,13,Hidalgo,3,Ave     ,1,Carne,70365.700,1.732,20.86,1468087.333,40620041
2005,13,Hidalgo,3,Ave     ,4,Huevo-plato,11067.244,0.000,11.29,124989.395,0
2005,13,Hidalgo,3,Ave     ,8,Ganado en pie,94855.171,2.335,11.92,1130346.112,0
2005,13,Hidalgo,4,Bovino,1,Carne,30196.263,229.053,31.90,963389.165,131831
2005,13,Hidalgo,4,Bovino,3,Ganado en pie,56731.702,430.337,18.54,1051609.280,0
2005,13,Hidalgo,4,Bovino,6,Leche,413566.804,0.000,3.57,1475038.086,0
2005,13,Hidalgo,6,Caprino,1,Carne,1332.212,17.852,37.45,49895.513,74624
2005,13,Hidalgo,6,Caprino,3,Ganado en pie,2739.935,36.717,18.39,50387.054,0
2005,13,Hidalgo,6,Caprino,6,Leche,72.390,0.000,4.44,321.188,0
2005,13,Hidalgo,10,Guajolote,1,Carne,912.946,5.927,31.12,28408.761,154030
2005,13,Hidalgo,10,Guajolote,8,Ganado en pie,1374.084,8.921,20.20,27758.776,0
2005,13,Hidalgo,12,Ovino,1,Carne,5579.132,21.743,47.10,262792.819,256593
2005,13,Hidalgo,12,Ovino,3,Ganado en pie,10935.723,42.619,22.58,246933.972,0
2005,13,Hidalgo,12,Ovino,5,Lana,1346.525,0.000,1.00,1348.177,0
2005,13,Hidalgo,14,Porcino,1,Carne,19435.522,66.330,28.53,554447.849,293011
2005,13,Hidalgo,14,Porcino,3,Ganado en pie,27638.681,94.326,17.37,480041.982,0
2005,14,Jalisco,1,Abeja,2,Cera,399.633,0.000,57.00,22777.952,0
2005,14,Jalisco,1,Abeja,7,Miel,5334.351,0.000,26.83,143113.503,0
2005,14,Jalisco,3,Ave     ,1,Carne,252799.643,1.780,18.47,4668379.093,142023087
2005,14,Jalisco,3,Ave     ,4,Huevo-plato,871913.550,0.000,8.06,7028235.714,0
2005,14,Jalisco,3,Ave     ,8,Ganado en pie,308905.433,2.175,12.62,3899464.007,0
2005,14,Jalisco,4,Bovino,1,Carne,177001.686,218.544,29.04,5139277.195,809913
2005,14,Jalisco,4,Bovino,3,Ganado en pie,344884.930,425.830,16.26,5606490.343,0
2005,14,Jalisco,4,Bovino,6,Leche,1710727.292,0.000,3.38,5774383.668,0
2005,14,Jalisco,6,Caprino,1,Carne,2173.874,21.144,34.57,75153.109,102811
2005,14,Jalisco,6,Caprino,3,Ganado en pie,3836.142,37.313,18.98,72788.954,0
2005,14,Jalisco,6,Caprino,6,Leche,5979.854,0.000,4.24,25347.737,0
2005,14,Jalisco,10,Guajolote,1,Carne,2.582,4.817,41.01,105.882,536
2005,14,Jalisco,10,Guajolote,8,Ganado en pie,3.425,6.390,27.27,93.404,0
2005,14,Jalisco,12,Ovino,1,Carne,1828.804,19.344,35.60,65098.721,94539
2005,14,Jalisco,12,Ovino,3,Ganado en pie,3638.082,38.482,18.98,69061.461,0
2005,14,Jalisco,14,Porcino,1,Carne,210240.185,80.179,29.84,6274499.150,2622134
2005,14,Jalisco,14,Porcino,3,Ganado en pie,273858.843,104.441,16.57,4536344.051,0
2005,15,México,1,Abeja,2,Cera,29.710,0.000,50.14,1489.527,0
2005,15,México,1,Abeja,7,Miel,1116.740,0.000,27.20,30370.225,0
2005,15,México,3,Ave     ,1,Carne,117838.020,1.685,18.39,2166756.271,69918970
2005,15,México,3,Ave     ,4,Huevo-plato,28554.770,0.000,8.32,237483.975,0
2005,15,México,3,Ave     ,8,Ganado en pie,153278.014,2.192,14.06,2154693.016,0
2005,15,México,4,Bovino,1,Carne,41477.170,224.595,33.87,1404632.268,184675
2005,15,México,4,Bovino,3,Ganado en pie,79143.825,428.557,19.29,1526568.191,0
2005,15,México,4,Bovino,6,Leche,471516.226,0.000,3.57,1683298.333,0
2005,15,México,6,Caprino,1,Carne,560.840,21.625,41.49,23267.279,25935
2005,15,México,6,Caprino,3,Ganado en pie,1089.121,41.994,21.58,23499.908,0
2005,15,México,10,Guajolote,1,Carne,2483.050,5.604,32.22,79998.898,443087
2005,15,México,10,Guajolote,8,Ganado en pie,3539.440,7.988,22.05,78053.874,0
2005,15,México,12,Ovino,1,Carne,7433.590,21.450,47.58,353690.915,346550
2005,15,México,12,Ovino,3,Ganado en pie,14916.702,43.043,24.49,365318.791,0
2005,15,México,12,Ovino,5,Lana,623.100,0.000,5.65,3517.484,0
2005,15,México,14,Porcino,1,Carne,28519.980,77.051,21.95,625943.926,370146
2005,15,México,14,Porcino,3,Ganado en pie,36906.989,99.709,15.94,588209.404,0
2005,16,Michoacán,1,Abeja,2,Cera,83.769,0.000,51.13,4283.158,0
2005,16,Michoacán,1,Abeja,7,Miel,1635.906,0.000,25.89,42346.225,0
2005,16,Michoacán,3,Ave     ,1,Carne,44877.598,1.769,18.44,827410.285,25363369
2005,16,Michoacán,3,Ave     ,4,Huevo-plato,26785.324,0.000,8.64,231306.413,0
2005,16,Michoacán,3,Ave     ,8,Ganado en pie,57945.340,2.285,14.06,814455.642,0
2005,16,Michoacán,4,Bovino,1,Carne,51849.178,191.878,28.56,1480637.409,270220
2005,16,Michoacán,4,Bovino,3,Ganado en pie,99106.426,366.762,16.30,1615657.072,0
2005,16,Michoacán,4,Bovino,6,Leche,326742.292,0.000,3.97,1297142.424,0
2005,16,Michoacán,6,Caprino,1,Carne,2373.427,18.020,42.01,99714.194,131708
2005,16,Michoacán,6,Caprino,3,Ganado en pie,4369.450,33.175,22.32,97517.514,0
2005,16,Michoacán,6,Caprino,6,Leche,3713.350,0.000,4.24,15753.901,0
2005,16,Michoacán,10,Guajolote,1,Carne,119.475,6.708,30.00,3584.647,17810
2005,16,Michoacán,10,Guajolote,8,Ganado en pie,155.454,8.728,21.44,3333.498,0
2005,16,Michoacán,12,Ovino,1,Carne,1269.419,19.491,45.23,57416.397,65128
2005,16,Michoacán,12,Ovino,3,Ganado en pie,2303.824,35.374,22.05,50803.695,0
2005,16,Michoacán,12,Ovino,5,Lana,98.993,0.000,12.81,1267.590,0
2005,16,Michoacán,14,Porcino,1,Carne,42218.583,78.280,25.21,1064379.120,539327
2005,16,Michoacán,14,Porcino,3,Ganado en pie,54692.719,101.409,15.76,862107.375,0
2005,17,Morelos,1,Abeja,7,Miel,925.351,0.000,30.36,28093.624,0
2005,17,Morelos,3,Ave     ,1,Carne,46326.325,1.976,18.79,870471.648,23442836
2005,17,Morelos,3,Ave     ,8,Ganado en pie,57854.745,2.468,13.06,755661.328,0
2005,17,Morelos,4,Bovino,1,Carne,4775.424,205.802,28.15,134417.059,23204
2005,17,Morelos,4,Bovino,3,Ganado en pie,9405.055,405.320,13.02,122402.253,0
2005,17,Morelos,4,Bovino,6,Leche,18126.067,0.000,4.65,84200.332,0
2005,17,Morelos,6,Caprino,1,Carne,370.704,17.016,43.06,15963.891,21785
2005,17,Morelos,6,Caprino,3,Ganado en pie,753.520,34.589,18.09,13628.500,0
2005,17,Morelos,12,Ovino,1,Carne,383.673,17.610,43.05,16518.408,21787
2005,17,Morelos,12,Ovino,3,Ganado en pie,766.899,35.200,19.26,14769.556,0
2005,17,Morelos,14,Porcino,1,Carne,2787.516,62.178,27.80,77490.847,44831
2005,17,Morelos,14,Porcino,3,Ganado en pie,3686.748,82.237,15.62,57600.800,0
2005,18,Nayarit,1,Abeja,2,Cera,5.577,0.000,56.78,316.649,0
2005,18,Nayarit,1,Abeja,7,Miel,294.826,0.000,26.25,7740.148,0
2005,18,Nayarit,3,Ave     ,1,Carne,25958.870,1.701,14.38,373218.469,15264837
2005,18,Nayarit,3,Ave     ,4,Huevo-plato,14327.435,0.000,7.77,111246.728,0
2005,18,Nayarit,3,Ave     ,8,Ganado en pie,32836.830,2.151,10.37,340356.409,0
2005,18,Nayarit,4,Bovino,1,Carne,22048.346,182.854,27.63,609257.689,120579
2005,18,Nayarit,4,Bovino,3,Ganado en pie,39173.017,324.874,14.13,553591.843,0
2005,18,Nayarit,4,Bovino,6,Leche,65531.050,0.000,3.49,228489.203,0
2005,18,Nayarit,6,Caprino,1,Carne,544.246,15.019,29.52,16067.541,36238
2005,18,Nayarit,6,Caprino,3,Ganado en pie,1095.252,30.224,14.70,16104.141,0
2005,18,Nayarit,6,Caprino,6,Leche,4.081,0.000,5.34,21.808,0
2005,18,Nayarit,12,Ovino,1,Carne,160.836,18.457,27.52,4426.468,8714
2005,18,Nayarit,12,Ovino,3,Ganado en pie,324.111,37.194,13.77,4464.414,0
2005,18,Nayarit,14,Porcino,1,Carne,5011.769,73.887,26.29,131762.946,67830
2005,18,Nayarit,14,Porcino,3,Ganado en pie,6497.478,95.791,14.14,91891.755,0
2005,19,Nuevo León,1,Abeja,2,Cera,13.985,0.000,45.77,640.096,0
2005,19,Nuevo León,1,Abeja,7,Miel,377.380,0.000,25.91,9776.232,0
2005,19,Nuevo León,3,Ave     ,1,Carne,111779.915,1.675,18.75,2096142.081,66726738
2005,19,Nuevo León,3,Ave     ,4,Huevo-plato,81823.580,0.000,8.83,722473.908,0
2005,19,Nuevo León,3,Ave     ,8,Ganado en pie,134854.650,2.021,13.71,1848697.810,0
2005,19,Nuevo León,4,Bovino,1,Carne,35370.745,205.901,32.78,1159295.799,171785
2005,19,Nuevo León,4,Bovino,3,Ganado en pie,64107.752,373.186,20.77,1331667.698,0
2005,19,Nuevo León,4,Bovino,6,Leche,38279.670,0.000,3.65,139639.064,0
2005,19,Nuevo León,6,Caprino,1,Carne,1412.772,9.337,43.62,61623.650,151309
2005,19,Nuevo León,6,Caprino,3,Ganado en pie,2521.344,16.664,21.75,54848.534,0
2005,19,Nuevo León,6,Caprino,6,Leche,4608.443,0.000,3.84,17675.808,0
2005,19,Nuevo León,12,Ovino,1,Carne,400.635,13.999,33.07,13248.673,28619
2005,19,Nuevo León,12,Ovino,3,Ganado en pie,760.822,26.585,18.42,14011.754,0
2005,19,Nuevo León,12,Ovino,5,Lana,15.190,0.000,5.00,75.950,0
2005,19,Nuevo León,14,Porcino,1,Carne,16400.382,78.568,27.24,446689.019,208742
2005,19,Nuevo León,14,Porcino,3,Ganado en pie,21059.281,100.887,15.78,332246.861,0
2005,20,Oaxaca,1,Abeja,2,Cera,83.003,0.000,60.73,5040.965,0
2005,20,Oaxaca,1,Abeja,7,Miel,2878.517,0.000,26.59,76551.508,0
2005,20,Oaxaca,3,Ave     ,1,Carne,7739.009,1.636,18.28,141434.855,4731447
2005,20,Oaxaca,3,Ave     ,4,Huevo-plato,7218.161,0.000,9.52,68719.389,0
2005,20,Oaxaca,3,Ave     ,8,Ganado en pie,9515.308,2.011,14.66,139526.744,0
2005,20,Oaxaca,4,Bovino,1,Carne,42528.224,200.836,30.98,1317560.668,211756
2005,20,Oaxaca,4,Bovino,3,Ganado en pie,74102.193,349.941,16.72,1239004.717,0
2005,20,Oaxaca,4,Bovino,6,Leche,140148.872,0.000,5.83,817552.782,0
2005,20,Oaxaca,6,Caprino,1,Carne,4334.537,17.459,38.20,165568.709,248266
2005,20,Oaxaca,6,Caprino,3,Ganado en pie,7741.744,31.183,23.80,184253.651,0
2005,20,Oaxaca,10,Guajolote,1,Carne,429.853,4.515,47.28,20321.399,95208
2005,20,Oaxaca,10,Guajolote,8,Ganado en pie,559.347,5.875,39.34,22005.880,0
2005,20,Oaxaca,12,Ovino,1,Carne,1664.418,19.708,44.42,73938.774,84456
2005,20,Oaxaca,12,Ovino,3,Ganado en pie,2840.527,33.633,25.26,71758.914,0
2005,20,Oaxaca,12,Ovino,5,Lana,269.831,0.000,9.27,2500.413,0
2005,20,Oaxaca,14,Porcino,1,Carne,26227.082,65.523,31.63,829566.949,400275
2005,20,Oaxaca,14,Porcino,3,Ganado en pie,34094.173,85.177,18.04,615120.744,0
2005,21,Puebla,1,Abeja,2,Cera,125.665,0.000,56.73,7128.395,0
2005,21,Puebla,1,Abeja,7,Miel,2792.420,0.000,25.79,72006.720,0
2005,21,Puebla,3,Ave     ,1,Carne,155279.574,1.743,17.99,2792925.590,89112318
2005,21,Puebla,3,Ave     ,4,Huevo-plato,455105.828,0.000,8.51,3872336.786,0
2005,21,Puebla,3,Ave     ,8,Ganado en pie,196280.894,2.203,13.93,2733621.307,0
2005,21,Puebla,4,Bovino,1,Carne,32579.173,235.519,29.03,945641.209,138329
2005,21,Puebla,4,Bovino,3,Ganado en pie,58915.640,425.910,17.03,1003246.260,0
2005,21,Puebla,4,Bovino,6,Leche,365084.565,0.000,3.57,1304854.850,0
2005,21,Puebla,6,Caprino,1,Carne,3418.321,19.101,42.62,145674.878,178957
2005,21,Puebla,6,Caprino,3,Ganado en pie,6216.938,34.740,22.14,137638.279,0
2005,21,Puebla,6,Caprino,6,Leche,1471.079,0.000,4.33,6363.042,0
2005,21,Puebla,10,Guajolote,1,Carne,1964.173,4.886,29.12,57193.129,401964
2005,21,Puebla,10,Guajolote,8,Ganado en pie,2683.124,6.675,20.88,56022.703,0
2005,21,Puebla,12,Ovino,1,Carne,2936.039,21.897,43.44,127544.981,134087
2005,21,Puebla,12,Ovino,3,Ganado en pie,5279.727,39.375,24.33,128445.073,0
2005,21,Puebla,12,Ovino,5,Lana,248.002,0.000,10.06,2494.779,0
2005,21,Puebla,14,Porcino,1,Carne,83468.169,76.117,24.20,2019588.018,1096581
2005,21,Puebla,14,Porcino,3,Ganado en pie,109218.639,99.599,15.98,1745237.840,0
2005,22,Querétaro,1,Abeja,2,Cera,2.884,0.000,66.28,191.160,0
2005,22,Querétaro,1,Abeja,7,Miel,68.817,0.000,36.03,2479.102,0
2005,22,Querétaro,3,Ave     ,1,Carne,201939.778,1.723,19.08,3852395.530,117172051
2005,22,Querétaro,3,Ave     ,4,Huevo-plato,25275.509,0.000,8.39,211936.898,0
2005,22,Querétaro,3,Ave     ,8,Ganado en pie,242302.509,2.068,14.65,3549150.607,0
2005,22,Querétaro,4,Bovino,1,Carne,27614.428,236.249,29.57,816464.867,116887
2005,22,Querétaro,4,Bovino,3,Ganado en pie,50357.671,430.824,17.57,884736.392,0
2005,22,Querétaro,4,Bovino,6,Leche,210942.264,0.000,3.69,778697.622,0
2005,22,Querétaro,6,Caprino,1,Carne,168.553,16.215,32.72,5515.686,10395
2005,22,Querétaro,6,Caprino,3,Ganado en pie,316.427,30.440,17.61,5572.146,0
2005,22,Querétaro,6,Caprino,6,Leche,569.349,0.000,4.35,2477.920,0
2005,22,Querétaro,10,Guajolote,1,Carne,44.880,5.151,33.32,1495.582,8713
2005,22,Querétaro,10,Guajolote,8,Ganado en pie,56.663,6.503,21.85,1238.292,0
2005,22,Querétaro,12,Ovino,1,Carne,707.803,20.870,43.76,30975.274,33915
2005,22,Querétaro,12,Ovino,3,Ganado en pie,1296.377,38.224,21.97,28481.030,0
2005,22,Querétaro,14,Porcino,1,Carne,13171.438,76.982,21.42,282181.938,171097
2005,22,Querétaro,14,Porcino,3,Ganado en pie,16516.867,96.535,14.17,234081.318,0
2005,23,Quintana Roo,1,Abeja,2,Cera,51.714,0.000,45.41,2348.202,0
2005,23,Quintana Roo,1,Abeja,7,Miel,1831.697,0.000,27.49,50356.818,0
2005,23,Quintana Roo,3,Ave     ,1,Carne,6519.644,1.781,19.99,130299.597,3659801
2005,23,Quintana Roo,3,Ave     ,4,Huevo-plato,725.183,0.000,9.54,6914.343,0
2005,23,Quintana Roo,3,Ave     ,8,Ganado en pie,8069.228,2.205,15.33,123686.969,0
2005,23,Quintana Roo,4,Bovino,1,Carne,4534.013,210.845,28.58,129568.860,21504
2005,23,Quintana Roo,4,Bovino,3,Ganado en pie,8706.529,404.880,13.26,115416.787,0
2005,23,Quintana Roo,4,Bovino,6,Leche,5249.893,0.000,3.68,19326.286,0
2005,23,Quintana Roo,6,Caprino,1,Carne,8.808,16.281,28.25,248.812,541
2005,23,Quintana Roo,6,Caprino,3,Ganado en pie,17.179,31.754,14.19,243.803,0
2005,23,Quintana Roo,10,Guajolote,1,Carne,71.814,4.613,38.82,2788.025,15567
2005,23,Quintana Roo,10,Guajolote,8,Ganado en pie,104.775,6.731,29.45,3085.594,0
2005,23,Quintana Roo,12,Ovino,1,Carne,137.819,17.318,31.91,4398.003,7958
2005,23,Quintana Roo,12,Ovino,3,Ganado en pie,263.790,33.148,16.24,4283.868,0
2005,23,Quintana Roo,14,Porcino,1,Carne,8498.526,72.556,27.52,233863.093,117131
2005,23,Quintana Roo,14,Porcino,3,Ganado en pie,10807.586,92.269,16.08,173810.767,0
2005,24,San Luis Potosí,1,Abeja,2,Cera,16.064,0.000,54.47,875.077,0
2005,24,San Luis Potosí,1,Abeja,7,Miel,986.177,0.000,25.68,25327.180,0
2005,24,San Luis Potosí,3,Ave     ,1,Carne,60496.184,1.790,17.56,1062402.015,33792050
2005,24,San Luis Potosí,3,Ave     ,4,Huevo-plato,2634.179,0.000,8.93,23517.233,0
2005,24,San Luis Potosí,3,Ave     ,8,Ganado en pie,74301.223,2.199,12.03,893718.817,0
2005,24,San Luis Potosí,4,Bovino,1,Carne,56304.604,243.371,28.87,1625479.229,231353
2005,24,San Luis Potosí,4,Bovino,3,Ganado en pie,98051.501,423.818,15.06,1476866.208,0
2005,24,San Luis Potosí,4,Bovino,6,Leche,143418.547,0.000,3.63,520845.285,0
2005,24,San Luis Potosí,6,Caprino,1,Carne,3647.334,17.651,31.49,114862.857,206637
2005,24,San Luis Potosí,6,Caprino,3,Ganado en pie,7128.299,34.497,15.66,111649.219,0
2005,24,San Luis Potosí,6,Caprino,6,Leche,3185.592,0.000,4.18,13314.180,0
2005,24,San Luis Potosí,10,Guajolote,1,Carne,4.506,6.156,29.31,132.079,732
2005,24,San Luis Potosí,10,Guajolote,8,Ganado en pie,7.084,9.678,21.91,155.177,0
2005,24,San Luis Potosí,12,Ovino,1,Carne,2303.035,19.786,42.30,97427.332,116398
2005,24,San Luis Potosí,12,Ovino,3,Ganado en pie,4501.447,38.673,19.94,89761.686,0
2005,24,San Luis Potosí,12,Ovino,5,Lana,285.679,0.000,4.44,1267.819,0
2005,24,San Luis Potosí,14,Porcino,1,Carne,8313.509,67.394,18.37,152697.706,123357
2005,24,San Luis Potosí,14,Porcino,3,Ganado en pie,10960.666,88.853,11.96,131076.016,0
2005,25,Sinaloa,1,Abeja,2,Cera,89.803,0.000,62.95,5653.187,0
2005,25,Sinaloa,1,Abeja,7,Miel,977.173,0.000,28.61,27956.182,0
2005,25,Sinaloa,3,Ave     ,1,Carne,130102.237,1.661,17.33,2254409.718,78319150
2005,25,Sinaloa,3,Ave     ,4,Huevo-plato,35207.126,0.000,9.12,321186.333,0
2005,25,Sinaloa,3,Ave     ,8,Ganado en pie,158274.567,2.021,11.23,1777205.476,0
2005,25,Sinaloa,4,Bovino,1,Carne,74022.606,226.299,28.75,2128439.544,327101
2005,25,Sinaloa,4,Bovino,3,Ganado en pie,138809.435,424.363,15.25,2116908.442,0
2005,25,Sinaloa,4,Bovino,6,Leche,80973.743,0.000,3.42,276724.479,0
2005,25,Sinaloa,6,Caprino,1,Carne,1809.654,19.425,34.23,61949.282,93163
2005,25,Sinaloa,6,Caprino,3,Ganado en pie,3310.807,35.538,16.56,54841.860,0
2005,25,Sinaloa,12,Ovino,1,Carne,1967.525,18.776,34.86,68584.028,104791
2005,25,Sinaloa,12,Ovino,3,Ganado en pie,3638.397,34.721,16.23,59052.212,0
2005,25,Sinaloa,14,Porcino,1,Carne,17248.486,78.432,22.22,383192.341,219916
2005,25,Sinaloa,14,Porcino,3,Ganado en pie,22096.873,100.479,13.66,301749.494,0
2005,26,Sonora,1,Abeja,7,Miel,743.002,0.000,20.01,14869.998,0
2005,26,Sonora,3,Ave     ,1,Carne,6567.063,1.433,11.40,74880.727,4583986
2005,26,Sonora,3,Ave     ,4,Huevo-plato,118157.609,0.000,7.58,895425.129,0
2005,26,Sonora,3,Ave     ,8,Ganado en pie,8187.806,1.786,7.66,62737.941,0
2005,26,Sonora,4,Bovino,1,Carne,72228.935,166.397,38.43,2775395.223,434077
2005,26,Sonora,4,Bovino,3,Ganado en pie,133994.945,308.689,18.19,2437136.780,0
2005,26,Sonora,4,Bovino,6,Leche,132605.896,0.000,3.98,528076.582,0
2005,26,Sonora,6,Caprino,1,Carne,304.635,18.511,26.00,7921.492,16457
2005,26,Sonora,6,Caprino,3,Ganado en pie,613.199,37.261,18.16,11132.686,0
2005,26,Sonora,6,Caprino,6,Leche,1342.350,0.000,2.23,2988.297,0
2005,26,Sonora,10,Guajolote,1,Carne,3938.950,7.242,28.55,112441.783,543886
2005,26,Sonora,10,Guajolote,8,Ganado en pie,4725.264,8.688,18.00,85054.752,0
2005,26,Sonora,12,Ovino,1,Carne,654.001,20.933,26.49,17326.748,31242
2005,26,Sonora,12,Ovino,3,Ganado en pie,1248.481,39.962,15.89,19832.794,0
2005,26,Sonora,14,Porcino,1,Carne,213475.283,83.533,24.61,5252527.008,2555567
2005,26,Sonora,14,Porcino,3,Ganado en pie,267360.946,104.619,14.59,3900969.058,0
2005,27,Tabasco,1,Abeja,2,Cera,4.997,0.000,45.18,225.764,0
2005,27,Tabasco,1,Abeja,7,Miel,167.180,0.000,27.76,4640.294,0
2005,27,Tabasco,3,Ave     ,1,Carne,24267.060,1.724,19.08,462919.896,14076008
2005,27,Tabasco,3,Ave     ,4,Huevo-plato,1430.100,0.000,9.64,13784.484,0
2005,27,Tabasco,3,Ave     ,8,Ganado en pie,30656.395,2.178,14.10,432142.419,0
2005,27,Tabasco,4,Bovino,1,Carne,60898.150,207.963,27.88,1697916.776,292831
2005,27,Tabasco,4,Bovino,3,Ganado en pie,116254.923,397.003,14.95,1737835.515,0
2005,27,Tabasco,4,Bovino,6,Leche,107442.830,0.000,3.44,369524.884,0
2005,27,Tabasco,10,Guajolote,1,Carne,1984.220,5.369,35.70,70837.346,369593
2005,27,Tabasco,10,Guajolote,8,Ganado en pie,2758.226,7.463,24.20,66752.200,0
2005,27,Tabasco,12,Ovino,1,Carne,252.110,17.067,26.51,6684.308,14772
2005,27,Tabasco,12,Ovino,3,Ganado en pie,538.002,36.420,19.04,10241.159,0
2005,27,Tabasco,14,Porcino,1,Carne,13811.586,71.955,26.68,368509.294,191948
2005,27,Tabasco,14,Porcino,3,Ganado en pie,18458.711,96.165,19.42,358536.293,0
2005,28,Tamaulipas,1,Abeja,2,Cera,48.096,0.000,58.06,2792.308,0
2005,28,Tamaulipas,1,Abeja,7,Miel,496.476,0.000,27.93,13867.000,0
2005,28,Tamaulipas,3,Ave     ,1,Carne,663.033,1.688,19.03,12618.008,392736
2005,28,Tamaulipas,3,Ave     ,4,Huevo-plato,329.034,0.000,9.23,3037.621,0
2005,28,Tamaulipas,3,Ave     ,8,Ganado en pie,836.914,2.131,13.05,10918.330,0
2005,28,Tamaulipas,4,Bovino,1,Carne,53210.133,209.653,29.76,1583473.539,253801
2005,28,Tamaulipas,4,Bovino,3,Ganado en pie,104510.754,411.782,16.74,1749319.940,0
2005,28,Tamaulipas,4,Bovino,6,Leche,29984.535,0.000,4.52,135530.502,0
2005,28,Tamaulipas,6,Caprino,1,Carne,2002.110,15.801,30.93,61923.568,126710
2005,28,Tamaulipas,6,Caprino,3,Ganado en pie,3704.757,29.238,15.83,58631.162,0
2005,28,Tamaulipas,6,Caprino,6,Leche,151.613,0.000,4.63,701.532,0
2005,28,Tamaulipas,12,Ovino,1,Carne,1953.772,17.287,32.15,62818.207,113021
2005,28,Tamaulipas,12,Ovino,3,Ganado en pie,3643.165,32.234,18.60,67760.178,0
2005,28,Tamaulipas,14,Porcino,1,Carne,26774.430,76.901,25.65,686724.271,348168
2005,28,Tamaulipas,14,Porcino,3,Ganado en pie,34514.608,99.132,14.04,484570.541,0
2005,29,Tlaxcala,1,Abeja,2,Cera,15.152,0.000,53.62,812.414,0
2005,29,Tlaxcala,1,Abeja,7,Miel,986.929,0.000,25.82,25486.404,0
2005,29,Tlaxcala,3,Ave     ,1,Carne,776.220,1.827,18.13,14074.918,424843
2005,29,Tlaxcala,3,Ave     ,4,Huevo-plato,1419.567,0.000,8.75,12425.740,0
2005,29,Tlaxcala,3,Ave     ,8,Ganado en pie,964.290,2.270,14.44,13920.840,0
2005,29,Tlaxcala,4,Bovino,1,Carne,10398.398,204.951,31.70,329630.022,50736
2005,29,Tlaxcala,4,Bovino,3,Ganado en pie,20940.599,412.736,18.72,391968.760,0
2005,29,Tlaxcala,4,Bovino,6,Leche,96433.759,0.000,3.75,361678.534,0
2005,29,Tlaxcala,6,Caprino,1,Carne,497.083,16.089,33.22,16512.636,30896
2005,29,Tlaxcala,6,Caprino,3,Ganado en pie,978.653,31.676,19.84,19413.268,0
2005,29,Tlaxcala,6,Caprino,6,Leche,4280.635,0.000,4.07,17399.709,0
2005,29,Tlaxcala,10,Guajolote,1,Carne,211.643,5.511,30.25,6402.538,38402
2005,29,Tlaxcala,10,Guajolote,8,Ganado en pie,277.352,7.222,17.50,4853.254,0
2005,29,Tlaxcala,12,Ovino,1,Carne,1160.552,21.396,39.97,46388.714,54241
2005,29,Tlaxcala,12,Ovino,3,Ganado en pie,2217.867,40.889,24.35,54005.523,0
2005,29,Tlaxcala,12,Ovino,5,Lana,494.541,0.000,7.75,3833.453,0
2005,29,Tlaxcala,14,Porcino,1,Carne,11340.231,73.197,29.62,335854.010,154927
2005,29,Tlaxcala,14,Porcino,3,Ganado en pie,14606.970,94.283,18.48,269858.229,0
2005,30,Veracruz,1,Abeja,2,Cera,197.142,0.000,53.28,10503.022,0
2005,30,Veracruz,1,Abeja,7,Miel,3739.530,0.000,26.23,98094.924,0
2005,30,Veracruz,3,Ave     ,1,Carne,291724.671,1.763,17.07,4980452.656,165476617
2005,30,Veracruz,3,Ave     ,4,Huevo-plato,16517.982,0.000,9.34,154318.198,0
2005,30,Veracruz,3,Ave     ,8,Ganado en pie,362012.563,2.188,12.91,4671962.666,0
2005,30,Veracruz,4,Bovino,1,Carne,213767.318,219.288,28.52,6096986.088,974826
2005,30,Veracruz,4,Bovino,3,Ganado en pie,399873.368,410.200,15.93,6368163.388,0
2005,30,Veracruz,4,Bovino,6,Leche,683045.691,0.000,3.51,2400153.133,0
2005,30,Veracruz,6,Caprino,1,Carne,665.809,19.368,34.76,23144.067,34377
2005,30,Veracruz,6,Caprino,3,Ganado en pie,1294.078,37.644,19.83,25664.798,0
2005,30,Veracruz,6,Caprino,6,Leche,2050.858,0.000,4.12,8447.758,0
2005,30,Veracruz,10,Guajolote,1,Carne,948.520,5.127,35.29,33469.761,184995
2005,30,Veracruz,10,Guajolote,8,Ganado en pie,1254.189,6.780,24.47,30689.943,0
2005,30,Veracruz,12,Ovino,1,Carne,5139.817,19.227,35.96,184816.802,267324
2005,30,Veracruz,12,Ovino,3,Ganado en pie,10023.200,37.495,21.21,212611.894,0
2005,30,Veracruz,12,Ovino,5,Lana,98.223,0.000,5.95,584.827,0
2005,30,Veracruz,14,Porcino,1,Carne,72992.307,77.249,27.02,1972502.086,944895
2005,30,Veracruz,14,Porcino,3,Ganado en pie,92421.649,97.812,16.68,1541425.970,0
2005,31,Yucatán,1,Abeja,2,Cera,120.360,0.000,45.95,5530.639,0
2005,31,Yucatán,1,Abeja,7,Miel,6643.526,0.000,26.07,173224.432,0
2005,31,Yucatán,3,Ave     ,1,Carne,113257.456,1.691,17.57,1990121.133,66971490
2005,31,Yucatán,3,Ave     ,4,Huevo-plato,68378.549,0.000,10.47,715943.478,0
2005,31,Yucatán,3,Ave     ,8,Ganado en pie,139654.267,2.085,13.60,1899332.740,0
2005,31,Yucatán,4,Bovino,1,Carne,28243.984,211.956,29.97,846431.582,133254
2005,31,Yucatán,4,Bovino,3,Ganado en pie,53593.297,402.189,16.33,875339.257,0
2005,31,Yucatán,4,Bovino,6,Leche,6787.575,0.000,4.64,31478.699,0
2005,31,Yucatán,10,Guajolote,1,Carne,4185.300,6.951,25.00,104644.143,602098
2005,31,Yucatán,10,Guajolote,8,Ganado en pie,5340.802,8.870,18.83,100572.849,0
2005,31,Yucatán,12,Ovino,1,Carne,769.661,17.340,38.09,29315.748,44387
2005,31,Yucatán,12,Ovino,3,Ganado en pie,1558.906,35.121,16.80,26189.505,0
2005,31,Yucatán,14,Porcino,1,Carne,90455.807,75.460,29.09,2631338.274,1198731
2005,31,Yucatán,14,Porcino,3,Ganado en pie,117818.834,98.286,16.23,1911652.648,0
2005,32,Zacatecas,1,Abeja,2,Cera,143.418,0.000,51.47,7381.106,0
2005,32,Zacatecas,1,Abeja,7,Miel,1381.610,0.000,27.55,38066.095,0
2005,32,Zacatecas,3,Ave     ,1,Carne,2642.860,1.724,18.93,50032.814,1533008
2005,32,Zacatecas,3,Ave     ,4,Huevo-plato,2951.082,0.000,8.35,24653.819,0
2005,32,Zacatecas,3,Ave     ,8,Ganado en pie,3355.647,2.189,13.27,44512.224,0
2005,32,Zacatecas,4,Bovino,1,Carne,43987.058,187.940,30.63,1347182.649,234048
2005,32,Zacatecas,4,Bovino,3,Ganado en pie,83884.382,358.407,15.88,1332087.270,0
2005,32,Zacatecas,4,Bovino,6,Leche,159031.250,0.000,3.75,595623.161,0
2005,32,Zacatecas,6,Caprino,1,Carne,3064.872,17.465,37.09,113659.594,175482
2005,32,Zacatecas,6,Caprino,3,Ganado en pie,6053.460,34.496,18.24,110404.423,0
2005,32,Zacatecas,6,Caprino,6,Leche,4979.633,0.000,4.26,21207.513,0
2005,32,Zacatecas,10,Guajolote,1,Carne,131.206,5.292,28.16,3694.379,24795
2005,32,Zacatecas,10,Guajolote,8,Ganado en pie,184.868,7.456,16.69,3085.227,0
2005,32,Zacatecas,12,Ovino,1,Carne,2563.158,19.930,40.18,102992.583,128611
2005,32,Zacatecas,12,Ovino,3,Ganado en pie,5064.672,39.380,19.02,96349.692,0
2005,32,Zacatecas,12,Ovino,5,Lana,577.653,0.000,3.94,2278.288,0
2005,32,Zacatecas,14,Porcino,1,Carne,6542.731,77.958,26.35,172381.074,83926
2005,32,Zacatecas,14,Porcino,3,Ganado en pie,8315.747,99.084,13.54,112628.021,0
